{
  "factionId": "heukdoryeon",
  "name": "흑도련",
  "nameChinese": "黑道聯",
  "type": "사파연합",
  "description": "사파의 총연합. 각 축이 독자적 세력이나 련주의 통제 아래 움직임.",
  "leader": {
    "title": "련주",
    "name": "곽천륜",
    "rank": "혈귀"
  },
  "sevenGhosts": [
    {
      "id": "hyeolgwi",
      "title": "혈귀",
      "titleChinese": "血鬼",
      "alias": "천벌혈귀",
      "aliasChinese": "天伐血鬼",
      "name": "곽천륜",
      "nameChinese": "郭天倫",
      "age": "40대 초중반",
      "gender": "남성",
      "organization": "패혈궁 현 궁주, 흑도련 련주",
      "personality": ["냉혹", "계산", "집착", "겉은 절제, 속은 광기"],
      "appearance": "흑홍자수 도포, 창백한 얼굴에 혈흔 상흔",
      "martialArts": ["혈우도법", "혈강진기", "패혈천벌식"],
      "philosophy": "핏빛 비는 늘 내린다. 다만 그 방향을 정하는 손은 내 것이다.",
      "storyRole": "중후반부 사파의 절대 벽, 메인 보스 축",
      "relationships": ["혈제 한청아(사부)", "무제 남궁천호(정치적 신경전)"]
    },
    {
      "id": "sugwi",
      "title": "수귀",
      "titleChinese": "水鬼",
      "alias": "냉심수귀",
      "aliasChinese": "冷心水鬼",
      "name": "류운사",
      "nameChinese": "柳雲士",
      "age": "40대 후반",
      "gender": "남성",
      "organization": "녹림 대두목",
      "personality": ["교활", "유연", "탐욕", "기회주의"],
      "appearance": "마른 체형, 물비린내 같은 서늘한 분위기",
      "martialArts": ["수룡팔식", "강류신공"],
      "philosophy": "물은 약한 듯하나, 흐르지 않는 자를 썩혀버린다.",
      "storyRole": "중반부 주요 악역, 장강 수로 장악자"
    },
    {
      "id": "salgwi",
      "title": "살귀",
      "titleChinese": "殺鬼",
      "alias": "무심살귀",
      "aliasChinese": "無心殺鬼",
      "name": "장무한",
      "nameChinese": "張無恨",
      "age": "40대 초반",
      "gender": "남성",
      "organization": "살문 문주",
      "personality": ["냉혈", "무자비", "무표정"],
      "appearance": "마른 체형, 창백한 안색, 핏발 선 눈빛",
      "martialArts": ["살귀십삼식", "음영환살법", "혈영암투"],
      "philosophy": "살아남는 자가 옳다. 죽은 자에겐 말할 권리가 없다.",
      "storyRole": "소연·소준과의 과거 연결, 중반부 메인 대치축"
    },
    {
      "id": "ogwi",
      "title": "오귀",
      "titleChinese": "傲鬼",
      "alias": "철산오귀",
      "aliasChinese": "鐵算傲鬼",
      "name": "하도경",
      "nameChinese": "賀道經",
      "age": "40대 후반",
      "gender": "남성",
      "organization": "하오문 문주",
      "personality": ["오만", "냉철", "계산적"],
      "appearance": "검은 장포, 철산주판",
      "martialArts": ["패산철권", "흑금유산법"],
      "philosophy": "칼은 순간이고, 돈줄은 구조다.",
      "storyRole": "중후반 경제·정보전의 보스"
    },
    {
      "id": "mogwi",
      "title": "모귀",
      "titleChinese": "謀鬼",
      "alias": "암책모귀",
      "aliasChinese": "暗策謀鬼",
      "name": "사마혁",
      "nameChinese": "司馬赫",
      "age": "40대 중반",
      "gender": "남성",
      "organization": "사마세가 가주",
      "personality": ["냉철", "교활", "탐욕", "겉으론 온화"],
      "appearance": "말쑥한 옷차림, 미소 띤 얼굴, 싸늘한 눈빛",
      "martialArts": ["현음권책", "귀권도수"],
      "philosophy": "칼과 피는 순간이지만, 계책은 세대를 지배한다.",
      "storyRole": "사파 연합의 두뇌, 제갈세가와 라이벌"
    },
    {
      "id": "yeonggwi",
      "title": "영귀",
      "titleChinese": "影鬼",
      "alias": "암령영귀",
      "aliasChinese": "暗靈影鬼",
      "name": "진무제",
      "nameChinese": "秦無際",
      "age": "40대 중반",
      "gender": "남성",
      "organization": "혈영교 교주",
      "personality": ["침착", "음침", "광신적 신념", "냉혹한 현실주의"],
      "appearance": "검은 법복, 가면으로 얼굴 가림",
      "martialArts": ["혈영신법", "영혼도법"],
      "philosophy": "강호는 허깨비와 같다. 허깨비를 믿는 자가 허깨비를 지배한다.",
      "storyRole": "중후반부 심리전·종교전 보스"
    },
    {
      "id": "dogwi",
      "title": "도귀",
      "titleChinese": "刀鬼",
      "alias": "광참도귀",
      "aliasChinese": "狂斬刀鬼",
      "name": "위귀봉",
      "nameChinese": "魏鬼峰",
      "age": "40대 중후반",
      "gender": "남성",
      "organization": "귀도문 문주",
      "personality": ["광기", "잔혹", "강압적", "문도에게는 후함"],
      "appearance": "장신, 상처투성이 얼굴, 음침한 눈빛",
      "martialArts": ["광참도법", "귀도혈진", "멸혈난무"],
      "philosophy": "칼은 살아있다. 베어내는 그 순간, 나는 칼이 된다.",
      "storyRole": "7귀 중 최흉, 중·후반 전투 핵심 빌런"
    }
  ],
  "subFactions": [
    {"name": "패혈궁", "region": "강동·강남권", "leader": "혈귀 곽천륜"},
    {"name": "녹림", "region": "중원 산악대 전역", "leader": "수귀 류운사", "subUnits": ["산채 72", "수채 18"]},
    {"name": "살문", "region": "관중·강북 은거망", "leader": "살귀 장무한"},
    {"name": "하오문", "region": "강남·강동 상권", "leader": "오귀 하도경"},
    {"name": "사마세가", "region": "중원 중심 상권", "leader": "모귀 사마혁"},
    {"name": "혈영교", "region": "서남·남중국", "leader": "영귀 진무제"},
    {"name": "귀도문", "region": "관중·강북 산악", "leader": "도귀 위귀봉"}
  ],
  "minorSects": ["흑풍문", "사령산문", "단혈루", "귀영각", "음산교"],
  "characteristics": [
    "사파의 총연합, 각 축이 독자적 세력",
    "내부 갈등이 많으나 련주의 통제 아래 움직임",
    "총 99개 중소사파·잡파·협객 집단 포함"
  ]
}
