{
  "factionId": "jeongdomaeng",
  "name": "정도맹",
  "nameChinese": "正道盟",
  "type": "정파연합",
  "description": "구파일방 중심의 정파 연합. 강호의 정통 '정도(正道)' 수호를 상징.",
  "leader": {
    "title": "맹주",
    "name": "덕원",
    "rank": "불선",
    "organization": "소림사 방장"
  },
  "nineSects": [
    {"name": "소림사", "nameChinese": "少林寺", "region": "하남", "leader": "덕원(불선)", "specialty": "72종절예, 금강불괴"},
    {"name": "무당파", "nameChinese": "武當派", "region": "호북", "leader": "연허진인(도선)", "specialty": "태극검법, 도가심법"},
    {"name": "화산파", "nameChinese": "華山派", "region": "섬서", "leader": "화도현(화선)", "specialty": "화산검법"},
    {"name": "청성파", "nameChinese": "靑城派", "region": "사천", "leader": "정현진인(창선)", "specialty": "청성검법"},
    {"name": "점창파", "nameChinese": "占昌派", "region": "사천", "leader": "방일천(일선)", "specialty": "점창검법"},
    {"name": "아미파", "nameChinese": "峨眉派", "region": "사천", "leader": "혜명신니(혜선)", "specialty": "아미선법, 자비장법"},
    {"name": "종남파", "nameChinese": "終南派", "region": "섬서", "leader": "조천명(남선)", "specialty": "종남검법"},
    {"name": "형산파", "nameChinese": "衡山派", "region": "호남", "leader": "태중호(강선)", "specialty": "형산검법"},
    {"name": "곤륜파", "nameChinese": "崑崙派", "region": "서역 접경", "leader": "적명진인(벽선)", "specialty": "곤륜심법"}
  ],
  "oneGang": {
    "name": "개방",
    "nameChinese": "丐幇",
    "region": "전국망(총타는 중원권)",
    "leader": "장만걸(취선)",
    "specialty": "정보망, 민초 기반, 개방십팔타"
  },
  "tenImmortals": [
    {
      "id": "bulseon",
      "title": "불선",
      "titleChinese": "佛仙",
      "alias": "대자불선",
      "aliasChinese": "大慈佛仙",
      "name": "덕원",
      "nameChinese": "德圓",
      "age": "60대 초반",
      "gender": "남성",
      "organization": "소림사 방장, 정도맹 맹주",
      "personality": ["소탈", "유쾌", "자비", "강철 같은 결단력"],
      "martialArts": ["소림72종절예", "금강불괴신공", "대력금강장", "나한권"],
      "philosophy": "무림에 고통이 있으면 부처의 자비로 덮어야 하며, 불법은 칼끝에서도 피어나야 한다.",
      "storyRole": "정파의 상징, 주역들의 정신적 멘토"
    },
    {
      "id": "doseon",
      "title": "도선",
      "titleChinese": "道仙",
      "alias": "연운도선",
      "aliasChinese": "煙雲道仙",
      "name": "연허진인",
      "nameChinese": "煙虛眞人",
      "age": "50대 후반~60대 초중반",
      "gender": "남성",
      "organization": "무당파 장문인",
      "personality": ["청정", "자유", "유유자적", "내면은 고독과 결단력"],
      "martialArts": ["태극검법", "무극진기", "운화도법"],
      "philosophy": "도는 검을 빌려 드러나고, 검은 도를 빌려 완성된다.",
      "relationships": ["검제 태현진인(스승)"],
      "storyRole": "정파 대표, 불선과 함께 주역을 이끄는 멘토"
    },
    {
      "id": "hwaseon",
      "title": "화선",
      "titleChinese": "華仙",
      "alias": "검명화선",
      "aliasChinese": "劍明華仙",
      "name": "화도현",
      "nameChinese": "華道玄",
      "age": "50대 후반~60대 초반",
      "gender": "남성",
      "organization": "화산파 장문인",
      "personality": ["강직", "공명정대", "엄격하지만 속은 따뜻함"],
      "martialArts": ["화산검법", "만화검경", "광명도심법"],
      "philosophy": "검은 곧 마음이다. 마음이 굽지 않으면 검도 굽지 않는다.",
      "relationships": ["서연화(제자, 강호칠화 검화)"],
      "storyRole": "정의와 검도의 본질을 가르치는 스승"
    },
    {
      "id": "changseon",
      "title": "창선",
      "titleChinese": "蒼仙",
      "alias": "율검창선",
      "aliasChinese": "律劍蒼仙",
      "name": "정현진인",
      "nameChinese": "正玄眞人",
      "age": "50대 후반",
      "gender": "남성",
      "organization": "청성파 장문인",
      "personality": ["강직", "엄격", "법도 중시", "외부에는 냉혹"],
      "martialArts": ["청성검법", "청성율검", "도심정기법"],
      "philosophy": "검은 법도요, 법도는 도리다.",
      "storyRole": "법도·규율을 대변하는 인물"
    },
    {
      "id": "ilseon",
      "title": "일선",
      "titleChinese": "日仙",
      "alias": "적양일선",
      "aliasChinese": "赤陽日仙",
      "name": "방일천",
      "nameChinese": "方日天",
      "age": "50대 후반",
      "gender": "남성",
      "organization": "점창파 장문인",
      "personality": ["사나움", "직선적", "날카로움", "강직함"],
      "martialArts": ["점창검법", "천일광검", "적양염기"],
      "philosophy": "해는 직선으로 떠올라, 세상을 밝히는 법이다.",
      "storyRole": "광명·직선의 상징적 존재"
    },
    {
      "id": "namseon",
      "title": "남선",
      "titleChinese": "嵐仙",
      "alias": "무애남선",
      "aliasChinese": "無碍嵐仙",
      "name": "조천명",
      "nameChinese": "趙天明",
      "age": "50대 후반",
      "gender": "남성",
      "organization": "종남파 장문인",
      "personality": ["온화", "겸손", "사람 좋음", "내면에 자존심과 고집"],
      "martialArts": ["종남검법", "풍운검식"],
      "philosophy": "걸림 없는 마음이 도를 따르게 한다.",
      "storyRole": "약세 문파 대표, 갈등과 성장의 서사"
    },
    {
      "id": "gangseon",
      "title": "강선",
      "titleChinese": "剛仙",
      "alias": "천중강선",
      "aliasChinese": "天重剛仙",
      "name": "태중호",
      "nameChinese": "太重豪",
      "age": "50대 후반",
      "gender": "남성",
      "organization": "형산파 장문인",
      "personality": ["우직", "강직", "의협심", "고집 세고 직설적"],
      "martialArts": ["형산검법", "천중검기"],
      "philosophy": "산은 움직이지 않는다. 검 또한 그러해야 한다.",
      "storyRole": "의협과 강직의 상징"
    },
    {
      "id": "hyeseon",
      "title": "혜선",
      "titleChinese": "慧仙",
      "alias": "선광혜선",
      "aliasChinese": "禪光慧仙",
      "name": "혜명신니",
      "nameChinese": "慧明信尼",
      "age": "60대 초반",
      "gender": "여성",
      "organization": "아미파 장문인",
      "personality": ["자비", "엄격", "강단", "냉철한 판단"],
      "martialArts": ["아미선법", "광명심법", "자비장법"],
      "philosophy": "빛은 약자를 비추어야 한다. 그것이 곧 선(禪)의 길이다.",
      "storyRole": "여성 불가 계열의 상징"
    },
    {
      "id": "byeokseon",
      "title": "벽선",
      "titleChinese": "碧仙",
      "alias": "허광벽선",
      "aliasChinese": "虛光碧仙",
      "name": "적명진인",
      "nameChinese": "寂明眞人",
      "age": "50대 후반",
      "gender": "남성",
      "organization": "곤륜파 장문인",
      "personality": ["초연", "청정", "단호", "은은한 자비"],
      "martialArts": ["곤륜심법", "적명진기", "허광검법"],
      "philosophy": "허무의 고요 속에도 밝음은 길을 비춘다.",
      "storyRole": "중원의 수문장, 정파-서역-사파 균형자"
    },
    {
      "id": "chwiseon",
      "title": "취선",
      "titleChinese": "醉仙",
      "alias": "소의취선",
      "aliasChinese": "小義醉仙",
      "name": "장만걸",
      "nameChinese": "張萬傑",
      "age": "50대 후반",
      "gender": "남성",
      "organization": "개방 방주",
      "personality": ["호방", "서민적", "무심한 듯 세심함", "정의감"],
      "appearance": "허름한 걸인 차림, 술병, 매서운 눈빛",
      "martialArts": ["개방십팔타", "취의장법"],
      "philosophy": "작은 의(義)라도 모이면 천하를 지킨다.",
      "storyRole": "민중의 방패, 정보 제공자"
    }
  ],
  "affiliates": [
    "무당 속가(태허관)",
    "화산 분파(청운당)",
    "아미 분파(혜광원)",
    "개방 지방 분부"
  ],
  "characteristics": [
    "구파일방이 강력한 의결권 행사",
    "개방은 민중 기반과 정보력 제공",
    "속가·분파는 의결권 적으나 실무·실전 투입 중요",
    "강호의 정통 '정도' 수호를 상징"
  ]
}
