{
  "factionId": "palgahoe",
  "name": "팔가회",
  "nameChinese": "八家會",
  "type": "세가연합",
  "description": "가문 중심의 세가 연합체. 경제력 + 군사력 기반. 정파와는 다른 '가문 권세의 질서'를 상징.",
  "leader": {
    "title": "회주",
    "name": "모용천휘",
    "rank": "광성"
  },
  "eightStars": [
    {
      "id": "geomseong",
      "title": "검성",
      "titleChinese": "劍聖",
      "alias": "창천검성",
      "aliasChinese": "蒼天劍聖",
      "name": "남궁현",
      "nameChinese": "南宮鉉",
      "age": "40대 초중반",
      "gender": "남성",
      "organization": "남궁세가 현 가주",
      "personality": ["허허실실", "여유", "냉철한 관찰자"],
      "appearance": "준수한 외모, 세련된 풍모, 깊은 눈빛",
      "martialArts": ["창천검법", "남궁세가 비전검"],
      "philosophy": "검은 단순히 무기가 아니다. 시대를 가르는 이정표다.",
      "relationships": ["남궁천호(부, 전대 무제)", "제갈현기(벗)", "당인수(벗)"],
      "storyRole": "현세대 세가연합 최고수, 관찰자·지휘자"
    },
    {
      "id": "amseong",
      "title": "암성",
      "titleChinese": "暗星",
      "alias": "천수암성",
      "aliasChinese": "千手暗星",
      "name": "당인수",
      "nameChinese": "唐仁修",
      "age": "40대 초반",
      "gender": "남성",
      "organization": "사천당가 현 가주",
      "personality": ["침묵", "관조", "열등감", "야망"],
      "appearance": "마른 체형, 창백한 얼굴, 약초와 독기가 밴 인상",
      "martialArts": ["천수비급", "사천독문", "흑영수법"],
      "philosophy": "그림자는 빛을 따르나, 때론 빛을 삼켜 별이 된다.",
      "relationships": ["암존 당천강(전대, 실권자)", "남궁현(벗)", "제갈현기(벗)"],
      "storyRole": "세가연합의 암살과 독 담당"
    },
    {
      "id": "jiseong",
      "title": "지성",
      "titleChinese": "智星",
      "alias": "신책지성",
      "aliasChinese": "神算智星",
      "name": "제갈현기",
      "nameChinese": "諸葛玄起",
      "age": "40대 초중반",
      "gender": "남성",
      "organization": "제갈세가 현 가주",
      "personality": ["온화", "침착", "통찰", "완벽주의"],
      "appearance": "검소한 복식, 지식인 풍모, 예리한 눈빛",
      "martialArts": ["제갈병법", "기문진술", "천기팔진"],
      "philosophy": "무력은 성을 지키고, 지모는 천하를 지킨다.",
      "relationships": ["남궁현(벗)", "당인수(벗)", "사마혁(숙적)"],
      "storyRole": "세가연합의 전략 두뇌"
    },
    {
      "id": "changseong",
      "title": "창성",
      "titleChinese": "槍聖",
      "alias": "진천창성",
      "aliasChinese": "震天槍聖",
      "name": "언기룡",
      "nameChinese": "殷起龍",
      "age": "40대 후반",
      "gender": "남성",
      "organization": "진주 언가 현 가주",
      "personality": ["권력욕", "야망", "위엄", "강박과 불안"],
      "appearance": "호걸풍 풍채, 검은 수염, 날카로운 눈빛",
      "martialArts": ["언가창법"],
      "philosophy": "가문은 권세로 빛난다. 권세 없는 가문은 한 줌의 모래와 같다.",
      "relationships": ["언휘란(딸, 가출)", "팽가·황보가(친목 파트너)"],
      "storyRole": "야망과 권력욕으로 움직이는 정치형 무장"
    },
    {
      "id": "doseong",
      "title": "도성",
      "titleChinese": "刀聖",
      "alias": "패천도성",
      "aliasChinese": "覇天刀聖",
      "name": "팽무건",
      "nameChinese": "彭武乾",
      "age": "40대 중후반",
      "gender": "남성",
      "organization": "하북 팽가 현 가주",
      "personality": ["호방", "직설", "폭력적", "권위적"],
      "appearance": "장대한 체구, 검게 그을린 피부",
      "martialArts": ["패천도법", "광풍도격"],
      "philosophy": "칼끝이 닿는 곳이 곧 정의다.",
      "relationships": ["언기룡(협력)", "황보항우(동반자)"],
      "storyRole": "세가연합 내 군사적 최강자"
    },
    {
      "id": "gwonseong",
      "title": "권성",
      "titleChinese": "拳聖",
      "alias": "무쌍권성",
      "aliasChinese": "無雙拳聖",
      "name": "황보항우",
      "nameChinese": "皇甫恒宇",
      "age": "40대 초반",
      "gender": "남성",
      "organization": "황보세가 현 가주",
      "personality": ["호방", "호쾌", "우유부단", "결단 부족"],
      "appearance": "키가 크고 떡 벌어진 체격, 흔들리는 눈빛",
      "martialArts": ["황보권경", "천권무상"],
      "philosophy": "권은 강하나, 강함은 결정을 대신하지 못한다.",
      "relationships": ["팽가·언가(친목)", "남궁현(내심 존경)"],
      "storyRole": "팔가회 주축, 후반부 결단의 순간 성장"
    },
    {
      "id": "manseong",
      "title": "만성",
      "titleChinese": "晩聖",
      "alias": "대기만성",
      "aliasChinese": "大器晩聖",
      "name": "공손중경",
      "nameChinese": "公孫重慶",
      "age": "40대 중후반",
      "gender": "남성",
      "organization": "공손세가 현 가주",
      "personality": ["느긋함", "포용력", "끈기", "깊은 결단력"],
      "appearance": "중후한 풍모, 흰머리 섞인 중년",
      "martialArts": ["공손곤법", "만성곤격"],
      "philosophy": "성급히 달릴 필요 없다. 느릿해도, 결국 닿을 곳에 닿는다.",
      "storyRole": "팔가회 제3세력, 중재자"
    },
    {
      "id": "gwangseong",
      "title": "광성",
      "titleChinese": "光聖",
      "alias": "천명광성",
      "aliasChinese": "天命光聖",
      "name": "모용천휘",
      "nameChinese": "慕容天輝",
      "age": "30대 후반~40대 초반",
      "gender": "남성",
      "organization": "모용세가 현 가주, 팔가회 회주 겸직",
      "personality": ["정직", "강직", "책임감", "양대 주축에 눌린 갈등"],
      "appearance": "웅혼한 체격, 준수한 외모, 단호한 눈빛",
      "martialArts": ["천휘검법", "광명진기"],
      "philosophy": "강호의 질서는 강자의 욕망이 아니라 하늘의 뜻으로 정해져야 한다.",
      "symbol": "청옥 패옥",
      "storyRole": "팔가회 회주, 민중의 신망, 내부 권력 줄다리기"
    }
  ],
  "eightFamilies": [
    {"name": "남궁세가", "region": "중원 동부권", "specialty": "검법"},
    {"name": "당가(사천당가)", "region": "사천", "specialty": "독·암기"},
    {"name": "제갈세가", "region": "관중·화북권", "specialty": "전략·기문진법"},
    {"name": "언가(진주 언가)", "region": "강남 동부권", "specialty": "창술"},
    {"name": "팽가(하북 팽가)", "region": "화북권", "specialty": "도법"},
    {"name": "황보세가", "region": "화북권", "specialty": "권법"},
    {"name": "공손세가", "region": "관중권", "specialty": "곤법"},
    {"name": "모용세가", "region": "요동권", "specialty": "검법"}
  ],
  "affiliates": [
    "각 가문 방계 + 문중의 직속 상단·표국",
    "남궁상단, 당가 표국, 제갈문객부 등",
    "직속 중소가문·상단·표국"
  ],
  "internalPolitics": {
    "axis1": ["남궁세가", "제갈세가", "당가"],
    "axis2": ["언가", "팽가", "황보세가"],
    "independent": ["공손세가", "모용세가"]
  }
}
